{"cameraMode":{"drawMode":0,"name":"Shaded","section":"Shading Mode"},"sceneLighting":false,"audioPlay":false,"sceneViewState":{"showFog":true,"showMaterialUpdate":true,"showSkybox":false,"showFlares":true,"showImageEffects":true,"showParticleSystems":true,"showVisualEffectGraphs":true,"m_FxEnabled":true},"in2DMode":false,"pivot":{"x":4.096405029296875,"y":-2.5841214656829836,"z":15.992847442626954},"rotation":{"x":-0.06677773594856262,"y":0.04578855633735657,"z":-0.003068153979256749,"w":-0.9967128038406372},"size":3.1931681632995607,"orthographic":true}