{"cameraMode":{"drawMode":0,"name":"Shaded","section":"Shading Mode"},"sceneLighting":false,"audioPlay":false,"sceneViewState":{"showFog":true,"showMaterialUpdate":true,"showSkybox":false,"showFlares":true,"showImageEffects":true,"showParticleSystems":true,"showVisualEffectGraphs":true,"m_FxEnabled":true},"in2DMode":false,"pivot":{"x":4.096405029296875,"y":-3.284121513366699,"z":15.992846488952637},"rotation":{"x":-0.0743015706539154,"y":-0.02751260995864868,"z":0.0020485627464950086,"w":-0.9968588352203369},"size":4.4735188484191898,"orthographic":false}