{"cameraMode":{"drawMode":0,"name":"Shaded","section":"Shading Mode"},"sceneLighting":false,"audioPlay":false,"sceneViewState":{"showFog":true,"showMaterialUpdate":true,"showSkybox":false,"showFlares":true,"showImageEffects":true,"showParticleSystems":true,"showVisualEffectGraphs":true,"m_FxEnabled":true},"in2DMode":false,"pivot":{"x":4.096405029296875,"y":-2.5841214656829836,"z":4.322846412658691},"rotation":{"x":-0.015118828043341637,"y":-0.8401142954826355,"z":0.023442085832357408,"w":-0.5416967272758484},"size":3.7301299571990969,"orthographic":false}