{"cameraMode":{"drawMode":0,"name":"Shaded","section":"Shading Mode"},"sceneLighting":false,"audioPlay":false,"sceneViewState":{"showFog":true,"showMaterialUpdate":true,"showSkybox":false,"showFlares":true,"showImageEffects":true,"showParticleSystems":true,"showVisualEffectGraphs":true,"m_FxEnabled":true},"in2DMode":false,"pivot":{"x":0.40000009536743166,"y":-1.9941215515136719,"z":-2.5950002670288088},"rotation":{"x":-0.14268945157527924,"y":0.20565783977508546,"z":-0.030326317995786668,"w":-0.967695951461792},"size":0.3487933278083801,"orthographic":false}